date,PM2.5,PM10,NO2,SO2,CO,temperature,humidity,wind_speed,AQI
2024-07-21,93.86,173.81,67.41,25.99,1.45,4.82,78.17,4.0,213
2024-07-22,103.64,159.84,44.36,35.84,1.3,6.25,70.49,5.73,245
2024-07-23,97.84,167.31,63.24,25.82,1.38,4.71,78.25,4.79,226
2024-07-24,98.82,141.75,78.6,25.05,1.39,4.0,70.4,2.8,229
2024-07-25,98.95,152.52,59.13,21.27,1.55,5.3,67.71,3.15,230
2024-07-26,102.67,145.27,69.28,29.56,1.16,4.0,79.77,4.16,242
2024-07-27,81.7,152.71,79.98,23.69,1.3,6.92,79.07,5.56,172
2024-07-28,102.8,166.66,61.74,22.98,1.31,4.0,82.98,5.18,243
2024-07-29,136.58,216.64,70.45,31.6,1.46,7.84,97.48,5.25,313
2024-07-30,100.78,182.58,52.86,29.54,1.12,4.0,80.34,6.84,236
2024-07-31,123.48,211.87,86.93,31.78,1.2,4.61,82.25,3.95,303
2024-08-01,89.55,155.63,64.76,23.26,1.12,4.45,68.21,5.07,199
2024-08-02,73.52,93.01,67.98,25.69,1.33,9.32,66.35,5.37,145
2024-08-03,87.46,126.29,80.74,25.47,1.37,6.83,92.2,4.43,192
2024-08-04,105.49,146.89,70.57,27.78,1.45,5.47,69.66,5.12,252
2024-08-05,97.12,165.92,64.05,32.26,1.49,7.25,68.59,3.66,224
2024-08-06,78.95,129.55,59.14,26.5,1.24,4.0,77.64,6.37,163
2024-08-07,90.71,118.5,70.15,32.33,1.25,5.91,77.19,4.49,202
2024-08-08,79.12,123.33,60.89,29.85,1.44,11.03,69.88,6.93,164
2024-08-09,73.56,91.76,47.68,23.29,1.15,6.39,75.25,5.07,145
2024-08-10,86.4,136.33,63.73,27.82,1.18,6.25,89.05,6.02,188
2024-08-11,84.01,104.02,54.99,32.08,1.17,7.47,70.72,5.05,180
2024-08-12,93.14,156.57,82.3,34.45,1.57,8.37,65.41,5.07,210
2024-08-13,95.17,156.8,71.64,30.83,1.43,4.0,86.41,4.57,217
2024-08-14,102.91,195.56,60.19,25.54,1.22,4.0,82.33,5.2,243
2024-08-15,82.42,146.77,57.81,23.16,1.18,6.77,72.29,5.38,175
2024-08-16,90.46,135.55,50.83,26.84,1.33,4.5,63.6,4.38,202
2024-08-17,98.75,169.91,56.76,31.38,1.23,9.62,71.09,4.97,229
2024-08-18,89.64,116.82,73.55,25.93,1.17,5.6,77.26,4.53,199
2024-08-19,73.97,101.93,78.32,25.66,1.03,4.0,88.19,7.15,147
2024-08-20,99.64,162.48,72.06,25.29,1.33,4.0,68.32,4.99,232
2024-08-21,101.22,119.92,65.18,24.59,1.26,4.0,76.83,6.46,237
2024-08-22,90.43,142.46,62.05,23.79,1.19,6.05,83.6,4.89,201
2024-08-23,98.96,137.13,59.83,26.63,1.2,6.24,56.03,5.29,230
2024-08-24,84.0,135.62,82.28,30.63,1.24,5.72,86.69,3.86,180
2024-08-25,77.62,105.16,62.32,22.92,1.19,9.56,66.67,4.65,159
2024-08-26,102.03,167.58,82.38,25.0,1.23,9.94,80.22,5.23,240
2024-08-27,87.56,139.31,72.83,20.66,1.19,6.61,79.37,6.46,192
2024-08-28,103.42,187.17,53.18,28.28,1.41,4.0,86.83,5.23,245
2024-08-29,93.42,147.58,58.93,30.54,1.33,8.76,81.93,6.27,211
2024-08-30,83.83,119.72,56.45,30.51,1.26,8.7,55.48,5.59,179
2024-08-31,85.06,130.89,58.78,24.22,1.08,8.18,69.72,6.47,184
2024-09-01,99.21,131.65,62.79,26.09,1.13,9.97,77.92,4.95,231
2024-09-02,94.82,156.8,85.71,24.24,1.08,4.71,74.81,7.14,216
2024-09-03,98.12,164.89,58.43,27.21,1.25,12.75,80.75,4.54,227
2024-09-04,107.89,212.89,65.96,24.88,1.22,5.44,83.44,4.28,260
2024-09-05,91.23,133.08,67.99,23.14,1.09,9.83,81.69,3.87,204
2024-09-06,89.64,137.16,60.68,24.99,1.19,4.0,74.17,7.05,199
2024-09-07,83.95,123.36,60.95,25.24,1.04,5.87,59.35,5.68,180
2024-09-08,90.01,146.34,53.86,22.2,0.99,12.12,71.74,4.63,200
2024-09-09,68.9,118.78,59.7,21.91,1.19,7.8,79.45,6.05,130
2024-09-10,86.63,136.65,62.99,29.61,1.05,10.69,65.75,5.53,189
2024-09-11,122.09,208.58,64.8,35.64,1.13,9.32,81.1,6.67,302
2024-09-12,94.46,137.86,70.47,19.18,1.16,8.6,83.45,3.5,215
2024-09-13,85.07,153.1,71.93,17.71,1.2,12.41,76.26,4.64,184
2024-09-14,80.29,138.11,68.49,19.48,1.37,8.56,47.39,4.45,168
2024-09-15,89.51,141.58,64.84,23.02,1.22,4.84,63.31,3.08,198
2024-09-16,121.96,183.17,57.58,29.72,1.35,7.44,91.62,5.8,302
2024-09-17,72.04,160.13,53.85,24.47,1.23,10.98,69.56,4.59,140
2024-09-18,75.34,106.54,57.08,23.81,0.94,10.74,56.46,5.48,151
2024-09-19,64.48,110.86,61.58,26.14,1.41,5.99,85.26,6.93,115
2024-09-20,94.45,135.44,62.6,22.59,1.67,8.26,74.09,4.47,215
2024-09-21,61.89,133.89,51.39,20.95,0.78,8.78,83.74,4.4,123
2024-09-22,87.54,154.89,48.37,21.94,1.09,9.49,76.1,4.87,192
2024-09-23,118.21,171.19,46.14,16.9,1.08,7.13,77.56,5.64,294
2024-09-24,73.72,128.13,55.04,16.55,1.03,9.17,76.51,4.23,146
2024-09-25,67.79,114.94,48.39,18.02,1.12,9.1,79.33,4.15,126
2024-09-26,118.22,174.12,58.85,29.35,1.51,13.02,93.36,5.66,294
2024-09-27,74.85,134.19,55.2,23.41,1.12,13.3,81.4,5.03,150
2024-09-28,95.52,157.51,46.22,23.06,0.97,11.09,58.24,2.84,218
2024-09-29,77.32,127.99,60.05,13.55,1.05,10.66,76.28,3.56,158
2024-09-30,62.0,101.15,58.87,14.99,1.04,12.17,82.33,6.0,107
2024-10-01,87.61,146.79,55.44,25.81,1.06,9.97,82.67,4.99,192
2024-10-02,88.84,144.94,52.67,9.98,0.88,9.33,67.8,3.93,196
2024-10-03,69.62,114.01,57.7,24.98,1.22,10.04,81.91,4.44,132
2024-10-04,71.47,104.09,49.29,13.66,0.97,11.0,79.56,4.59,138
2024-10-05,74.52,150.53,48.38,24.43,1.02,9.87,94.15,5.23,148
2024-10-06,62.56,83.81,64.36,16.72,1.0,13.38,64.03,3.32,109
2024-10-07,77.9,132.65,60.04,24.03,1.06,15.0,65.99,3.77,160
2024-10-08,83.45,127.24,68.71,38.1,1.61,9.41,67.58,4.76,178
2024-10-09,77.4,155.91,63.36,12.58,1.19,13.64,65.69,4.4,158
2024-10-10,89.07,124.89,38.98,24.51,0.93,13.23,61.87,4.99,197
2024-10-11,78.06,111.95,63.5,12.7,0.87,14.84,44.78,3.35,160
2024-10-12,73.38,100.95,52.78,21.07,0.89,14.16,65.5,4.76,145
2024-10-13,63.55,109.96,56.84,18.56,0.88,10.77,72.5,5.41,112
2024-10-14,76.3,97.93,50.94,19.28,0.68,11.46,64.51,4.84,154
2024-10-15,103.55,153.54,58.61,18.96,1.31,14.9,86.13,4.51,245
2024-10-16,75.05,82.08,47.86,22.42,0.83,17.61,68.59,4.28,150
2024-10-17,101.33,163.26,59.98,15.82,1.35,9.72,79.85,3.6,238
2024-10-18,75.78,112.87,46.15,23.7,1.14,16.33,70.34,4.27,153
2024-10-19,62.21,75.42,55.64,17.96,0.91,18.66,75.18,5.45,107
2024-10-20,54.02,109.87,36.73,13.49,1.01,15.52,70.01,4.19,107
2024-10-21,71.16,91.64,43.48,24.13,0.73,17.49,79.57,3.47,137
2024-10-22,98.42,169.06,72.99,21.77,1.29,14.58,67.5,3.81,228
2024-10-23,76.04,109.64,41.3,25.68,0.81,16.26,71.21,4.42,153
2024-10-24,50.35,113.83,43.72,22.31,0.71,12.72,69.8,3.88,109
2024-10-25,57.62,109.04,40.78,15.9,0.92,11.13,63.65,4.64,106
2024-10-26,67.7,92.02,48.11,17.67,0.81,19.57,69.64,4.65,126
2024-10-27,64.05,88.37,40.29,18.8,0.84,14.98,85.85,4.96,114
2024-10-28,34.31,72.65,41.7,23.94,0.94,16.52,63.05,5.42,73
2024-10-29,55.25,87.39,47.6,18.2,0.64,14.42,69.01,5.02,92
2024-10-30,40.09,67.08,39.07,17.4,1.03,14.58,76.3,3.26,67
2024-10-31,49.95,107.33,50.4,15.73,0.66,17.89,74.98,3.27,105
2024-11-01,86.68,124.21,53.67,18.39,1.15,16.73,64.57,3.99,189
2024-11-02,81.41,131.69,51.5,22.25,0.72,19.72,42.76,3.64,171
2024-11-03,54.8,108.65,47.43,17.54,0.91,20.13,68.6,3.0,106
2024-11-04,51.91,101.84,67.3,14.78,0.74,20.03,43.72,3.61,101
2024-11-05,67.24,106.63,53.4,15.06,0.84,20.04,76.66,3.56,124
2024-11-06,80.76,123.91,44.79,14.03,0.9,23.62,64.7,3.36,169
2024-11-07,51.67,55.63,34.34,10.41,0.96,17.22,71.92,3.66,86
2024-11-08,45.57,59.06,38.17,13.34,0.9,19.98,54.54,4.98,76
2024-11-09,72.22,122.45,50.97,22.08,0.72,23.17,48.43,4.08,141
2024-11-10,81.03,127.01,64.19,21.23,1.19,23.72,64.49,6.11,170
2024-11-11,57.15,96.22,49.17,17.76,0.59,17.23,61.59,4.02,96
2024-11-12,29.93,74.11,43.13,4.61,0.56,20.22,57.21,3.58,74
2024-11-13,53.79,68.63,29.46,18.08,0.63,24.62,62.14,3.83,90
2024-11-14,29.89,51.09,41.09,13.94,0.61,22.72,86.03,4.04,51
2024-11-15,30.49,59.61,24.73,12.04,0.64,22.15,68.37,4.18,60
2024-11-16,47.34,67.96,20.5,14.83,0.34,21.34,70.05,5.64,79
2024-11-17,88.38,165.92,52.21,17.89,1.13,21.14,67.95,2.99,195
2024-11-18,38.83,84.66,38.07,5.42,0.79,23.04,73.41,4.5,85
2024-11-19,32.03,63.66,40.33,17.14,0.73,21.9,58.14,3.9,64
2024-11-20,82.73,164.25,52.41,20.13,1.05,22.64,41.1,2.27,176
2024-11-21,42.31,46.36,36.15,12.13,0.41,23.16,57.65,4.36,71
2024-11-22,107.3,167.44,43.7,18.16,1.31,21.48,66.4,4.79,258
2024-11-23,15.76,41.44,33.66,7.71,0.38,24.72,50.12,2.86,42
2024-11-24,59.4,81.67,29.99,18.2,1.06,30.88,57.01,3.6,99
2024-11-25,52.98,94.24,19.42,19.89,0.66,19.36,52.13,2.04,94
2024-11-26,55.3,72.27,43.07,14.97,0.95,24.82,71.63,2.44,92
2024-11-27,44.61,89.11,25.08,7.74,0.37,22.32,64.61,4.5,89
2024-11-28,48.39,101.21,39.79,13.93,0.72,25.86,63.49,3.12,101
2024-11-29,47.52,85.8,43.58,13.24,0.66,24.74,62.98,2.52,86
2024-11-30,39.92,36.53,27.85,17.13,0.61,26.73,56.81,3.71,67
2024-12-01,43.33,57.42,37.35,15.51,0.47,27.96,58.69,3.01,72
2024-12-02,56.92,104.7,26.06,2.0,0.68,25.7,46.01,3.04,103
2024-12-03,22.45,44.93,12.23,14.15,0.58,28.25,36.76,4.11,45
2024-12-04,44.68,28.29,32.77,8.38,0.82,19.75,57.56,2.38,74
2024-12-05,67.02,131.55,34.62,9.71,0.96,29.78,58.9,2.6,123
2024-12-06,54.47,93.43,24.52,10.81,0.43,26.93,66.64,3.53,93
2024-12-07,35.16,48.24,44.72,14.11,0.42,28.87,69.67,4.25,59
2024-12-08,59.96,116.85,19.93,7.49,0.5,23.31,69.44,4.47,111
2024-12-09,59.27,85.75,33.64,15.37,0.79,24.47,46.1,2.74,99
2024-12-10,42.11,60.66,21.88,16.29,0.52,27.09,51.7,4.17,70
2024-12-11,32.8,66.01,34.3,10.95,0.66,26.86,58.97,2.6,66
2024-12-12,29.48,86.8,28.59,8.4,0.54,27.79,77.23,4.94,87
2024-12-13,37.71,95.9,31.65,7.18,0.57,29.97,67.55,2.26,96
2024-12-14,39.34,75.51,16.8,15.13,0.4,23.01,64.09,4.46,76
2024-12-15,58.81,105.6,27.51,7.89,0.82,30.03,50.32,2.65,104
2024-12-16,25.82,63.69,29.33,15.07,0.4,27.78,45.66,5.04,64
2024-12-17,21.52,20.58,40.13,10.69,0.45,27.42,60.51,3.75,50
2024-12-18,18.36,50.22,27.89,9.39,0.51,24.41,43.31,2.29,50
2024-12-19,84.27,120.98,26.72,7.38,0.75,29.5,50.87,2.71,181
2024-12-20,36.13,70.12,29.36,11.41,0.45,22.37,51.8,3.87,70
2024-12-21,19.7,36.48,42.69,12.93,0.49,30.18,66.98,4.1,53
2024-12-22,46.83,88.92,24.17,4.75,0.42,24.98,49.26,3.08,89
2024-12-23,37.74,68.85,36.55,13.17,0.58,28.99,30.32,3.17,69
2024-12-24,48.76,27.39,21.41,12.62,0.53,28.7,56.64,3.8,81
2024-12-25,51.26,89.55,30.75,11.09,0.57,32.06,45.63,3.22,90
2024-12-26,41.0,83.01,33.08,14.75,0.79,28.83,52.13,1.92,83
2024-12-27,32.13,66.61,27.44,2.0,0.65,27.68,50.8,2.34,67
2024-12-28,22.43,42.67,19.7,12.87,0.65,28.28,48.95,3.27,43
2024-12-29,31.58,87.34,17.0,17.46,0.43,32.86,58.36,4.14,87
2024-12-30,24.15,52.62,27.05,15.55,0.33,31.14,37.3,4.49,53
2024-12-31,54.28,98.59,32.58,12.31,0.64,28.96,46.28,3.73,99
2025-01-01,36.03,83.05,36.05,9.43,0.44,29.45,56.94,3.27,83
2025-01-02,5.0,25.78,34.21,6.84,0.29,26.24,45.11,3.68,43
2025-01-03,24.34,31.13,21.47,7.67,0.61,31.24,36.01,2.39,41
2025-01-04,67.76,66.36,21.1,12.41,0.47,25.98,56.37,2.84,126
2025-01-05,36.76,56.72,31.31,5.18,0.57,32.37,60.32,2.23,61
2025-01-06,16.37,49.44,26.02,11.27,0.19,30.91,49.68,1.84,49
2025-01-07,32.61,52.93,12.15,18.04,0.47,36.66,32.31,3.25,54
2025-01-08,23.0,59.77,13.89,9.67,0.69,28.04,56.18,3.11,60
2025-01-09,7.38,25.38,23.1,3.99,0.39,30.62,34.77,3.55,29
2025-01-10,23.04,68.59,18.92,4.09,0.37,35.46,52.37,3.41,69
2025-01-11,30.05,50.26,20.65,12.8,0.29,34.03,41.49,3.13,50
2025-01-12,17.29,45.49,33.14,11.31,0.7,29.4,38.93,3.41,45
2025-01-13,19.58,49.49,28.32,13.56,0.38,31.77,45.28,2.86,49
2025-01-14,31.08,84.09,31.97,7.8,0.43,31.29,47.51,3.26,84
2025-01-15,24.13,16.26,5.13,12.26,0.26,32.07,43.26,2.23,40
2025-01-16,30.31,47.7,21.34,8.31,0.56,29.68,54.27,3.21,51
2025-01-17,5.0,34.52,22.68,5.45,0.45,31.27,44.86,3.47,35
2025-01-18,39.98,97.79,9.02,7.41,0.41,27.56,57.62,2.26,98
2025-01-19,5.0,23.57,11.28,2.82,0.14,31.95,51.24,2.9,24
2025-01-20,63.84,99.29,18.85,19.16,0.77,32.79,42.36,2.29,113
2025-01-21,5.0,32.88,17.27,7.28,0.26,31.14,40.77,2.37,33
2025-01-22,22.2,59.82,35.41,12.25,0.35,27.72,33.67,1.83,60
2025-01-23,38.67,61.6,37.95,8.56,0.27,34.27,51.05,3.97,64
2025-01-24,46.54,85.43,12.74,5.4,0.33,32.74,45.18,3.79,85
2025-01-25,58.31,117.8,33.21,12.82,0.58,30.05,26.97,3.31,112
2025-01-26,12.68,64.42,16.43,11.54,0.1,31.2,43.45,4.6,64
2025-01-27,19.8,54.07,19.81,5.69,0.39,28.17,40.11,2.65,54
2025-01-28,14.0,33.09,22.23,7.07,0.37,29.38,62.36,5.54,33
2025-01-29,9.69,25.07,17.69,7.88,0.31,30.62,32.82,2.61,25
2025-01-30,5.0,29.28,28.6,9.48,0.18,35.05,35.14,3.04,36
2025-01-31,15.09,31.8,29.25,15.48,0.41,30.39,58.07,2.45,37
2025-02-01,27.57,55.38,9.24,9.65,0.55,33.6,60.27,3.14,55
2025-02-02,8.66,10.0,23.87,11.37,0.31,30.65,41.33,3.55,30
2025-02-03,27.29,74.92,25.1,11.21,0.39,32.62,42.33,2.7,75
2025-02-04,5.0,10.0,18.26,3.84,0.1,31.64,53.55,4.4,23
2025-02-05,18.15,30.54,23.91,3.66,0.45,34.17,27.06,3.02,31
2025-02-06,15.09,35.64,18.6,4.08,0.28,30.64,31.25,3.04,36
2025-02-07,40.52,106.6,19.65,2.44,0.46,28.03,45.48,1.98,104
2025-02-08,24.37,39.73,17.92,11.08,0.28,28.48,61.96,3.18,41
2025-02-09,46.15,66.93,4.62,10.64,0.51,30.58,44.1,2.68,77
2025-02-10,10.13,16.77,15.9,7.57,0.36,28.76,48.94,2.26,20
2025-02-11,20.53,71.63,11.45,2.0,0.22,32.88,58.26,2.11,72
2025-02-12,8.89,10.0,7.61,17.6,0.46,30.66,67.04,5.21,23
2025-02-13,20.25,23.31,30.2,4.94,0.28,37.72,42.92,2.57,38
2025-02-14,42.33,122.55,29.89,18.88,0.67,27.39,47.99,1.5,115
2025-02-15,15.0,44.38,18.04,2.0,0.26,32.2,64.58,2.19,44
2025-02-16,6.59,10.0,12.92,4.99,0.38,28.82,34.52,2.77,19
2025-02-17,5.91,19.82,20.44,2.0,0.28,30.35,57.52,3.31,26
2025-02-18,5.0,20.46,23.73,9.3,0.29,31.88,39.15,3.32,30
2025-02-19,5.0,34.48,9.07,3.29,0.13,25.65,49.3,3.44,34
2025-02-20,42.32,106.48,22.36,5.43,0.5,31.99,46.25,2.25,104
2025-02-21,5.0,26.24,22.48,2.06,0.27,36.09,39.87,3.14,28
2025-02-22,5.15,10.0,4.0,10.85,0.25,30.13,39.72,2.05,14
2025-02-23,48.12,95.94,19.27,11.33,0.36,31.83,51.12,2.29,96
2025-02-24,32.14,46.04,20.97,17.4,0.53,33.67,57.67,2.03,54
2025-02-25,30.53,37.67,18.82,5.46,0.29,30.61,47.63,1.79,51
2025-02-26,24.09,15.26,12.35,9.04,0.26,29.48,49.51,3.83,40
2025-02-27,29.5,26.61,19.35,3.47,0.21,25.16,54.11,3.49,49
2025-02-28,5.18,10.0,34.38,8.04,0.66,32.35,40.32,3.76,43
2025-03-01,21.39,21.82,16.74,6.52,0.47,30.37,55.82,2.92,36
2025-03-02,15.98,40.8,25.69,12.65,0.53,28.02,56.63,3.6,41
2025-03-03,79.08,105.07,44.42,15.03,0.74,30.77,72.8,1.32,164
2025-03-04,5.0,10.0,14.28,12.97,0.11,28.88,46.09,3.69,18
2025-03-05,40.94,52.58,44.5,10.01,0.41,28.91,45.47,3.08,68
2025-03-06,13.46,23.03,20.48,13.37,0.33,31.63,56.63,3.5,26
2025-03-07,20.84,31.32,39.29,10.98,0.36,26.65,57.2,3.28,49
2025-03-08,51.05,113.37,29.75,8.59,0.45,32.5,45.14,2.06,109
2025-03-09,66.47,97.34,27.22,7.1,0.52,26.26,46.45,1.61,122
2025-03-10,19.81,56.58,20.19,6.32,0.47,27.97,55.09,2.33,57
2025-03-11,5.0,18.91,13.82,15.77,0.19,34.3,42.9,3.49,20
2025-03-12,5.0,18.49,20.95,10.69,0.42,32.18,46.8,3.61,26
2025-03-13,45.48,62.91,36.27,12.41,0.63,29.47,51.44,1.77,76
2025-03-14,34.93,61.59,25.72,9.36,0.55,26.73,59.75,2.13,62
2025-03-15,23.31,32.03,20.76,19.52,0.38,27.62,45.5,2.37,39
2025-03-16,39.18,71.88,23.31,16.24,0.69,28.98,34.51,2.72,72
2025-03-17,51.9,83.0,37.11,9.1,0.63,28.74,34.0,1.82,86
2025-03-18,40.73,54.05,35.5,9.23,0.72,28.27,40.08,1.78,68
2025-03-19,32.56,77.06,20.32,9.85,0.42,28.27,39.76,2.33,77
2025-03-20,19.57,48.06,19.21,11.21,0.56,27.65,50.36,3.16,48
2025-03-21,44.62,68.64,29.08,7.75,0.5,24.42,41.22,2.04,74
2025-03-22,28.74,56.29,35.6,11.78,0.39,26.57,45.77,3.01,56
2025-03-23,34.04,59.85,30.87,15.9,0.46,29.99,45.31,4.08,60
2025-03-24,55.14,76.34,19.64,6.57,0.57,24.11,48.49,1.97,92
2025-03-25,32.21,59.98,28.96,8.34,0.33,26.89,64.54,2.97,60
2025-03-26,12.18,18.48,16.82,8.92,0.1,25.14,58.79,4.09,21
2025-03-27,26.45,33.35,24.43,9.19,0.65,27.29,53.17,2.81,44
2025-03-28,18.38,10.0,38.01,18.28,0.59,25.87,49.07,2.68,48
2025-03-29,56.59,87.6,19.72,17.97,0.9,30.35,49.51,4.26,94
2025-03-30,38.83,78.51,13.79,14.73,0.48,27.74,56.56,2.95,79
2025-03-31,43.09,61.98,18.63,10.15,0.3,23.01,59.07,4.24,72
2025-04-01,44.09,121.3,31.03,11.3,0.52,27.79,45.85,3.65,114
2025-04-02,47.16,96.32,35.73,6.81,0.61,23.98,54.56,2.97,96
2025-04-03,47.26,104.01,30.31,14.91,0.39,24.29,36.15,3.73,103
2025-04-04,43.62,89.56,38.18,14.09,0.74,26.32,56.56,3.6,90
2025-04-05,40.47,104.04,15.44,17.95,0.84,24.11,61.73,4.25,103
2025-04-06,56.61,79.92,38.94,10.99,0.6,27.38,52.56,2.85,94
2025-04-07,65.82,61.34,36.08,15.21,0.83,23.01,71.65,3.4,119
2025-04-08,32.6,51.24,34.74,12.65,0.38,23.2,47.6,3.32,54
2025-04-09,28.18,62.9,19.18,16.22,0.74,22.91,57.71,4.03,63
2025-04-10,53.16,91.81,32.26,6.66,0.62,22.93,55.66,2.49,92
2025-04-11,54.93,96.61,32.68,16.23,0.55,26.89,55.31,4.34,97
2025-04-12,61.42,124.84,47.9,16.17,0.9,25.5,55.41,3.87,117
2025-04-13,61.28,107.73,20.41,8.36,0.54,28.0,57.64,2.28,105
2025-04-14,21.38,57.38,33.33,5.81,0.66,29.19,64.54,4.57,57
2025-04-15,42.93,57.34,24.1,14.04,0.46,20.73,69.54,5.51,72
2025-04-16,54.58,71.42,41.03,21.54,0.9,23.27,57.36,4.42,91
2025-04-17,28.21,81.96,37.05,19.94,0.54,19.94,64.96,4.82,82
2025-04-18,70.36,115.84,43.02,14.77,0.74,20.72,51.55,3.63,135
2025-04-19,54.53,79.84,33.38,21.87,0.69,20.88,65.0,2.08,91
2025-04-20,50.33,73.8,45.25,14.01,0.72,19.59,51.49,1.93,84
2025-04-21,44.35,64.62,45.0,17.48,0.47,19.39,68.41,3.84,74
2025-04-22,37.63,53.8,27.34,13.81,0.89,21.44,78.74,3.1,63
2025-04-23,50.86,62.66,44.99,13.51,0.7,18.54,58.0,2.83,85
2025-04-24,90.65,116.44,54.57,16.66,1.01,23.47,39.61,3.61,202
2025-04-25,38.88,64.86,33.68,6.5,0.67,18.85,54.66,4.24,65
2025-04-26,44.88,66.4,29.21,19.52,0.73,27.95,70.93,2.4,75
2025-04-27,66.42,128.23,45.2,12.03,0.49,19.57,65.08,3.32,121
2025-04-28,66.29,113.4,28.09,12.74,0.7,20.66,62.59,5.11,121
2025-04-29,61.95,106.6,38.41,10.24,0.83,17.02,69.69,2.8,106
2025-04-30,53.57,76.3,40.87,16.09,0.77,24.3,65.22,4.57,89
2025-05-01,52.19,85.49,45.73,22.38,0.71,22.61,72.08,3.37,87
2025-05-02,46.73,86.25,35.66,24.7,0.8,20.33,69.65,4.32,86
2025-05-03,41.13,84.53,34.24,9.51,0.73,16.0,75.33,4.83,85
2025-05-04,36.88,63.79,39.44,14.19,0.58,19.67,65.12,4.53,64
2025-05-05,40.87,90.68,46.51,11.38,0.69,16.11,70.29,4.7,91
2025-05-06,65.73,107.45,67.41,22.81,1.15,22.35,59.64,2.87,119
2025-05-07,38.16,81.61,29.83,18.45,0.69,20.49,57.25,4.93,82
2025-05-08,62.3,93.52,45.58,13.52,0.74,18.48,78.28,3.18,108
2025-05-09,56.74,61.65,32.56,16.54,0.59,11.93,65.12,4.2,95
2025-05-10,110.09,176.46,62.13,19.66,1.29,15.34,70.68,4.22,267
2025-05-11,46.88,93.03,34.5,23.12,0.77,19.3,64.81,4.44,93
2025-05-12,65.99,118.04,39.45,20.05,0.77,20.39,58.67,4.33,120
2025-05-13,63.56,111.76,39.42,19.31,0.83,19.91,64.31,3.28,112
2025-05-14,65.39,100.54,46.75,6.74,0.75,12.93,77.39,2.85,118
2025-05-15,78.22,110.9,50.45,18.96,0.83,17.45,69.72,4.87,161
2025-05-16,64.29,115.14,46.93,25.37,0.63,19.01,49.57,4.27,114
2025-05-17,60.33,107.16,43.72,23.02,0.69,12.11,63.3,5.16,105
2025-05-18,61.23,90.68,36.09,10.43,1.03,16.02,81.53,4.1,104
2025-05-19,73.62,138.72,57.52,18.06,0.94,16.5,63.82,2.9,145
2025-05-20,48.72,66.75,47.0,14.5,1.0,14.85,49.79,5.05,81
2025-05-21,67.03,98.69,60.96,26.44,0.91,10.76,83.29,3.87,123
2025-05-22,62.27,131.75,43.77,20.26,1.05,14.36,72.64,4.53,121
2025-05-23,62.55,118.33,39.02,16.66,0.9,14.14,66.12,3.65,112
2025-05-24,60.86,93.8,44.6,18.44,0.83,14.38,63.66,5.74,103
2025-05-25,91.84,150.34,63.1,9.28,1.03,13.13,76.99,3.49,206
2025-05-26,78.88,129.16,58.52,17.89,1.48,13.22,62.62,3.99,163
2025-05-27,75.89,72.61,49.78,19.86,1.06,14.02,78.07,4.41,153
2025-05-28,61.22,84.45,45.0,22.6,0.91,15.02,72.86,3.35,104
2025-05-29,64.26,104.26,64.22,11.66,1.03,12.95,70.43,4.65,114
2025-05-30,74.24,113.23,47.22,21.02,1.4,12.48,69.78,5.82,147
2025-05-31,125.37,198.24,62.31,30.61,1.34,13.53,67.13,3.95,304
2025-06-01,58.1,116.58,54.7,13.43,0.81,8.3,78.36,4.76,111
2025-06-02,96.41,146.01,41.78,21.09,1.07,14.1,61.39,1.95,221
2025-06-03,65.03,87.26,61.31,19.99,0.91,12.71,54.82,4.41,117
2025-06-04,75.15,126.81,61.53,28.33,1.07,12.61,75.18,4.18,150
2025-06-05,67.27,103.66,63.68,20.16,0.94,14.72,75.56,3.74,124
2025-06-06,74.67,117.46,57.4,20.14,1.17,7.25,74.43,5.47,149
2025-06-07,83.04,127.15,52.05,23.46,0.82,7.01,74.0,4.22,177
2025-06-08,79.15,167.12,46.26,15.53,1.02,12.44,67.67,4.37,164
2025-06-09,106.74,126.44,55.22,20.28,1.2,11.55,77.86,4.21,256
2025-06-10,99.02,148.59,49.41,18.78,1.08,11.81,70.59,2.84,230
2025-06-11,83.31,132.73,63.06,21.46,1.05,10.05,66.83,3.56,178
2025-06-12,73.14,103.99,62.28,25.34,0.92,12.69,68.62,5.46,144
2025-06-13,95.66,166.91,72.38,23.71,1.12,13.18,89.83,2.71,219
2025-06-14,72.49,131.76,61.09,18.94,1.04,11.89,56.24,3.94,142
2025-06-15,95.54,149.67,65.32,22.25,1.13,9.86,76.56,4.28,218
2025-06-16,69.59,108.04,50.0,27.07,0.81,5.07,57.15,6.23,132
2025-06-17,86.48,135.38,55.06,19.63,1.25,12.1,71.49,5.37,188
2025-06-18,95.62,148.77,64.22,23.33,1.2,13.07,68.76,4.19,219
2025-06-19,89.58,140.47,51.02,20.77,1.04,11.46,54.09,5.88,199
2025-06-20,92.78,143.15,64.06,22.82,1.38,7.5,76.55,4.05,209
2025-06-21,81.46,134.66,50.79,16.71,1.1,11.22,69.82,5.64,172
2025-06-22,110.18,185.32,55.61,28.98,1.16,11.54,54.54,3.53,267
2025-06-23,101.23,136.65,67.03,21.07,1.16,13.14,81.17,5.73,237
2025-06-24,99.73,137.7,74.07,29.31,1.34,6.9,86.71,4.41,232
2025-06-25,89.36,110.09,54.22,20.18,1.17,8.38,87.38,3.87,198
2025-06-26,98.14,169.9,69.88,21.91,1.18,10.68,77.38,4.61,227
2025-06-27,86.85,142.44,55.73,27.69,0.9,8.82,74.73,5.07,190
2025-06-28,77.29,133.17,64.13,27.77,1.17,5.74,86.44,4.39,158
2025-06-29,78.52,100.12,76.67,25.83,1.34,9.44,89.79,5.34,162
2025-06-30,76.25,154.7,68.37,25.88,1.18,9.72,85.01,4.33,154
2025-07-01,65.22,95.61,64.86,21.34,1.23,8.37,66.49,5.43,117
2025-07-02,73.91,122.2,75.57,22.91,1.37,8.58,76.93,5.28,146
2025-07-03,109.78,186.56,61.97,23.03,1.46,7.27,79.23,4.84,266
2025-07-04,81.67,112.66,53.36,26.66,1.33,11.49,59.13,4.5,172
2025-07-05,103.31,151.97,61.61,22.92,1.45,5.43,79.78,5.05,244
2025-07-06,70.01,116.74,59.77,29.2,1.35,6.11,96.16,5.42,133
2025-07-07,74.46,171.41,41.43,22.6,1.36,7.5,81.59,6.79,148
2025-07-08,94.8,154.88,61.42,24.24,1.31,9.57,89.23,5.79,216
2025-07-09,88.11,168.67,56.44,26.44,1.22,4.0,77.74,5.83,194
2025-07-10,66.84,130.62,65.25,24.17,1.09,4.0,75.56,7.74,123
2025-07-11,84.42,141.03,64.32,22.14,1.14,4.0,79.77,5.44,181
2025-07-12,112.45,157.25,58.04,23.94,1.16,7.08,69.11,5.42,275
2025-07-13,86.66,156.74,67.93,27.95,1.29,4.12,67.89,5.62,189
2025-07-14,84.41,107.43,71.12,21.11,1.14,5.87,88.07,4.09,181
2025-07-15,96.11,180.17,61.18,24.46,1.28,8.41,89.13,4.61,220
2025-07-16,88.85,144.44,59.8,23.8,0.92,5.08,67.96,4.56,196
2025-07-17,93.09,99.28,48.51,28.77,1.5,7.19,85.69,5.6,210
2025-07-18,98.37,148.5,59.0,25.12,1.31,5.8,76.28,4.87,228
2025-07-19,77.89,136.71,60.61,32.38,1.35,8.17,80.21,5.16,160
2025-07-20,85.17,131.22,67.73,25.38,1.5,7.61,81.38,6.02,184
2025-07-21,81.78,143.45,55.03,22.86,1.19,4.64,86.26,5.82,173
2025-07-22,103.25,146.41,66.12,25.85,1.58,5.9,78.14,4.91,244
2025-07-23,85.87,113.01,56.07,18.84,1.09,8.88,90.15,4.46,186
2025-07-24,87.74,137.94,66.31,20.95,1.54,7.21,80.31,6.09,192
2025-07-25,116.38,181.33,77.41,26.55,1.68,4.0,83.21,5.77,288
2025-07-26,108.5,163.05,71.02,29.19,1.33,7.79,70.15,3.63,262
2025-07-27,96.81,174.46,68.0,24.93,1.47,4.0,97.13,4.8,223
2025-07-28,93.26,131.92,52.26,22.3,1.07,9.62,81.98,5.23,211
2025-07-29,109.36,176.2,69.25,33.64,1.51,8.63,84.21,5.79,265
2025-07-30,90.22,144.04,59.6,30.53,1.36,6.77,63.36,5.91,201
2025-07-31,103.01,133.34,64.95,31.08,1.13,6.42,70.47,5.35,243
2025-08-01,118.19,159.63,72.05,23.91,1.51,5.49,89.04,5.62,294
2025-08-02,110.54,172.49,80.83,24.28,1.44,7.7,80.51,5.15,268
2025-08-03,105.61,200.79,74.73,32.86,1.59,5.07,60.73,4.49,252
2025-08-04,96.38,162.18,59.99,26.22,1.12,6.59,87.32,4.86,221
2025-08-05,90.53,112.21,69.83,23.14,1.41,8.18,73.09,5.12,202
2025-08-06,132.16,147.65,80.66,31.5,1.5,4.6,90.7,5.07,309
2025-08-07,97.33,166.32,64.1,29.51,1.33,4.48,77.21,3.4,224
2025-08-08,89.11,139.48,74.36,22.88,1.16,4.0,79.84,4.74,197
2025-08-09,91.9,165.8,63.85,25.15,1.09,4.0,88.61,5.15,206
2025-08-10,100.23,141.48,55.77,28.91,1.35,4.0,69.91,4.85,234
2025-08-11,84.16,140.33,70.25,20.42,1.16,7.92,69.04,4.88,181
2025-08-12,115.54,194.76,76.16,28.83,1.65,10.65,76.19,5.54,285
2025-08-13,98.97,147.45,66.86,20.64,1.24,9.72,85.38,4.12,230
2025-08-14,73.82,111.37,68.46,21.18,1.2,4.0,65.93,3.63,146
2025-08-15,85.42,136.32,58.65,21.92,1.16,8.05,62.87,4.78,185
2025-08-16,85.01,145.03,68.84,26.25,1.24,9.83,85.26,5.78,183
2025-08-17,88.42,139.95,64.78,24.41,1.24,5.18,72.38,6.6,195
2025-08-18,99.49,173.79,63.67,21.27,1.17,6.63,74.23,5.79,232
2025-08-19,94.34,140.48,74.4,26.75,1.54,4.0,61.0,3.76,214
2025-08-20,95.02,125.87,60.85,21.98,1.55,7.16,71.55,4.86,217
2025-08-21,55.8,128.5,56.66,25.83,1.17,4.0,77.54,5.3,119
2025-08-22,90.54,132.4,49.28,29.79,1.17,7.12,85.92,5.22,202
2025-08-23,100.06,146.86,74.4,26.73,1.44,4.0,70.54,5.55,234
2025-08-24,91.49,143.47,57.6,23.76,1.34,8.12,92.33,4.23,205
2025-08-25,102.49,161.83,65.35,25.83,1.06,9.41,71.17,5.11,242
2025-08-26,98.48,147.84,66.82,16.29,1.12,4.97,71.11,5.42,228
2025-08-27,93.09,146.66,69.99,27.04,1.16,4.17,91.01,5.78,210
2025-08-28,87.25,137.8,55.31,36.33,1.21,4.0,78.99,4.3,191
2025-08-29,102.09,163.17,63.66,23.56,1.14,6.52,72.03,4.71,240
2025-08-30,105.43,122.44,83.02,24.28,1.46,5.83,75.51,2.58,251
2025-08-31,82.29,165.17,78.54,26.83,1.03,4.0,88.98,4.45,174
2025-09-01,68.11,108.11,71.45,29.96,1.0,8.62,89.9,4.53,127
2025-09-02,89.15,151.72,68.16,28.15,1.23,6.47,69.24,4.07,197
2025-09-03,112.49,150.3,60.47,17.62,1.37,5.01,76.1,5.13,275
2025-09-04,121.12,179.14,70.79,26.86,1.1,6.43,77.18,4.92,301
2025-09-05,93.52,135.5,63.32,33.4,1.16,10.61,67.37,2.93,212
2025-09-06,74.51,146.5,65.78,25.73,1.11,9.55,75.62,5.15,148
2025-09-07,76.61,112.54,58.62,18.88,1.17,7.84,76.05,4.11,155
2025-09-08,119.59,199.06,69.94,28.69,1.51,9.84,86.13,5.37,299
2025-09-09,100.9,146.59,75.71,22.58,1.49,5.52,86.6,3.77,236
2025-09-10,117.63,174.42,72.38,32.08,1.66,8.63,72.63,4.94,292
2025-09-11,99.47,151.81,66.76,19.86,1.28,9.06,73.53,4.65,232
2025-09-12,153.38,257.51,78.52,32.97,1.82,7.65,81.29,5.17,326
2025-09-13,78.61,91.97,48.87,19.26,1.14,10.06,69.89,4.99,162
2025-09-14,92.44,122.36,74.03,20.69,1.17,7.16,80.3,4.64,208
2025-09-15,104.43,128.38,86.67,30.54,1.49,10.53,74.06,3.48,248
2025-09-16,84.25,114.59,67.12,23.83,1.18,10.79,65.96,3.52,181
2025-09-17,111.93,159.69,51.46,21.17,1.31,4.0,65.91,4.31,273
2025-09-18,76.69,94.14,52.64,17.47,1.1,12.69,87.38,4.81,156
2025-09-19,95.75,137.62,64.69,15.21,1.35,4.0,72.78,4.26,219
2025-09-20,49.54,47.57,68.45,17.01,1.23,8.49,88.78,5.36,86
2025-09-21,92.97,128.49,47.55,22.03,1.1,12.76,69.22,4.53,210
2025-09-22,101.52,180.81,58.29,25.81,1.09,9.57,76.28,3.9,238
2025-09-23,89.13,148.5,62.41,20.46,1.23,6.86,95.01,4.5,197
2025-09-24,93.82,151.41,67.02,29.6,1.18,7.97,63.77,4.94,213
2025-09-25,77.4,106.18,51.45,18.14,1.22,13.44,56.02,5.02,158
2025-09-26,66.23,80.39,42.67,21.04,1.05,6.25,84.49,6.4,121
2025-09-27,88.51,119.84,62.79,17.46,1.07,14.05,65.27,4.09,195
2025-09-28,72.64,116.55,66.79,26.03,1.07,11.27,72.33,4.61,142
2025-09-29,63.91,120.29,53.07,29.17,0.86,8.61,67.04,5.05,114
2025-09-30,87.23,154.73,57.68,13.62,1.08,10.32,74.52,4.63,191
2025-10-01,106.03,177.1,57.69,22.21,1.17,9.42,63.35,4.18,253
2025-10-02,71.51,102.42,49.53,25.63,1.2,14.32,70.07,3.22,138
2025-10-03,68.76,112.14,63.48,14.97,0.89,14.17,75.53,4.14,129
2025-10-04,70.83,108.91,58.55,22.99,1.08,8.24,62.19,3.62,136
2025-10-05,88.11,136.14,59.46,25.18,1.2,11.72,64.75,3.01,194
2025-10-06,71.57,152.45,68.86,21.77,0.86,10.77,67.71,3.83,139
2025-10-07,86.35,105.49,47.7,23.39,1.36,16.36,57.75,3.59,188
2025-10-08,79.64,123.25,47.55,27.42,0.94,9.95,66.58,5.04,165
2025-10-09,66.74,130.58,52.04,27.61,0.97,17.54,71.23,5.04,122
2025-10-10,87.86,113.01,48.85,19.78,1.09,13.65,66.34,3.67,193
2025-10-11,70.97,103.32,59.05,18.1,1.11,11.03,67.26,4.23,137
2025-10-12,73.85,109.56,51.73,15.65,1.04,12.45,69.29,2.77,146
2025-10-13,67.07,105.24,45.93,24.57,1.19,12.35,63.34,3.98,124
2025-10-14,93.28,118.52,55.0,15.85,1.16,11.38,75.22,4.77,211
2025-10-15,77.21,134.67,57.51,21.25,1.37,15.01,81.69,5.13,157
2025-10-16,93.65,159.78,64.5,22.34,1.25,11.92,64.35,3.73,212
2025-10-17,62.4,111.63,50.8,16.98,1.13,9.75,72.65,5.3,108
2025-10-18,64.02,89.16,55.84,20.45,1.12,14.46,65.89,2.97,113
2025-10-19,65.99,109.24,53.34,29.12,0.76,11.12,71.09,3.2,120
2025-10-20,81.76,114.36,46.23,18.23,1.21,13.96,81.65,4.94,173
2025-10-21,61.09,94.59,39.53,16.77,0.78,13.79,71.89,5.78,104
2025-10-22,50.52,124.02,48.76,22.69,1.08,14.1,51.1,4.71,116
2025-10-23,83.72,135.11,49.68,21.43,1.07,21.5,70.9,4.21,179
2025-10-24,77.67,103.24,65.44,24.5,1.14,16.86,77.66,2.25,159
2025-10-25,109.23,173.63,58.38,17.96,0.81,17.55,64.32,2.38,264
2025-10-26,78.21,101.07,54.95,18.56,1.08,12.72,75.02,4.3,161
2025-10-27,61.76,79.97,49.75,11.04,0.88,15.75,59.59,3.84,106
2025-10-28,88.01,120.88,47.44,11.96,1.15,18.14,52.18,3.15,193
2025-10-29,42.72,65.94,35.7,10.65,0.94,15.27,66.57,4.19,71
2025-10-30,63.5,120.94,43.0,19.43,1.0,20.32,49.23,4.21,114
2025-10-31,84.05,144.29,44.54,12.39,0.59,15.27,62.63,4.94,180
2025-11-01,52.79,97.96,43.29,21.13,0.74,17.78,76.11,4.19,98
2025-11-02,35.98,44.39,45.91,17.82,0.89,17.26,47.08,5.15,60
2025-11-03,48.82,73.05,48.19,15.26,0.8,19.35,52.5,4.04,81
2025-11-04,72.37,121.84,35.55,12.88,0.89,17.57,54.47,3.9,141
2025-11-05,57.75,84.43,34.83,19.08,0.72,18.71,62.93,4.95,96
2025-11-06,72.4,111.96,61.92,16.38,1.09,19.02,59.95,3.09,141
2025-11-07,31.99,66.32,41.49,11.54,0.76,18.0,75.58,6.48,66
2025-11-08,48.6,76.19,37.28,20.87,0.49,21.27,71.31,4.27,81
2025-11-09,56.95,98.64,38.39,17.15,0.81,20.88,66.93,4.25,99
2025-11-10,78.66,154.72,41.72,16.39,0.82,20.28,63.52,4.36,162
2025-11-11,56.99,91.54,36.2,17.98,0.55,19.65,65.49,5.56,95
2025-11-12,56.65,115.37,41.91,15.89,0.78,22.94,53.94,4.56,110
2025-11-13,39.84,79.83,59.83,16.14,0.88,20.58,69.15,2.39,80
2025-11-14,41.45,45.7,41.41,13.87,0.95,20.62,51.17,5.07,69
2025-11-15,54.13,70.65,41.61,22.43,0.64,21.87,68.44,3.48,90
2025-11-16,40.24,55.34,25.65,13.32,0.87,26.07,71.35,3.87,67
2025-11-17,55.96,77.75,35.86,21.37,0.88,18.7,62.31,2.6,93
2025-11-18,54.55,89.48,46.65,14.46,0.71,24.19,58.58,4.21,91
2025-11-19,32.62,70.36,38.21,16.81,0.55,17.75,63.51,3.13,70
2025-11-20,30.95,79.47,4.0,17.04,0.58,23.24,33.9,3.78,79
2025-11-21,57.87,101.46,44.44,20.24,0.89,26.85,62.13,3.42,101
2025-11-22,69.44,104.66,55.74,14.45,0.89,24.34,58.14,5.39,131
2025-11-23,50.08,47.13,15.11,18.19,0.45,23.76,58.45,5.42,83
2025-11-24,62.13,103.36,49.16,22.42,0.54,22.14,65.02,3.66,107
2025-11-25,47.57,81.43,11.78,12.86,0.75,23.83,57.74,3.66,81
2025-11-26,36.43,68.12,40.81,13.67,0.58,23.33,47.91,3.24,68
2025-11-27,24.02,84.74,30.07,10.94,0.59,22.2,56.65,4.56,85
2025-11-28,39.7,91.89,14.28,11.94,0.78,23.64,58.29,3.25,92
2025-11-29,57.18,109.04,38.71,21.02,0.55,25.07,58.48,3.14,106
2025-11-30,50.53,67.96,42.14,10.18,0.66,22.86,58.66,4.39,84
2025-12-01,14.69,24.07,33.35,8.23,0.52,22.96,66.32,3.0,42
2025-12-02,28.27,51.28,34.17,18.74,0.6,21.77,46.96,3.44,51
2025-12-03,57.57,81.52,27.91,14.32,0.72,26.34,58.08,2.03,96
2025-12-04,40.51,79.74,14.88,21.08,0.4,26.92,67.88,4.07,80
2025-12-05,10.41,33.51,30.88,10.25,0.54,26.33,40.43,5.16,39
2025-12-06,68.06,91.09,43.5,13.24,0.7,28.36,57.43,4.05,127
2025-12-07,35.45,84.95,36.96,10.07,0.52,26.35,50.32,4.7,85
2025-12-08,39.22,70.71,11.43,11.47,0.47,27.3,52.02,2.6,71
2025-12-09,41.0,40.32,15.6,4.81,0.58,27.26,47.0,3.56,68
2025-12-10,51.03,85.06,27.51,16.57,0.77,26.45,53.4,2.48,85
2025-12-11,28.24,58.01,14.91,12.47,0.57,25.53,71.28,3.11,58
2025-12-12,53.93,107.71,24.86,10.81,0.52,32.57,43.11,3.99,105
2025-12-13,57.23,88.91,33.35,11.47,0.52,26.08,43.75,3.37,95
2025-12-14,58.83,112.21,19.92,8.98,0.78,25.72,42.35,1.99,108
2025-12-15,44.67,80.14,33.49,13.32,0.62,28.64,69.41,2.07,80
2025-12-16,35.42,39.69,35.32,7.45,0.65,28.35,49.5,1.99,59
2025-12-17,42.89,48.72,19.01,12.35,0.24,24.37,53.23,3.66,71
2025-12-18,10.58,47.54,19.46,18.66,0.35,30.85,49.64,5.06,48
2025-12-19,24.38,68.88,5.19,15.92,0.39,27.97,44.57,4.41,69
2025-12-20,15.4,40.15,22.92,3.72,0.33,25.59,50.76,1.47,40
2025-12-21,5.26,46.55,23.62,8.56,0.38,31.49,74.81,4.44,47
2025-12-22,26.72,69.76,22.37,11.17,0.18,30.23,65.03,3.99,70
2025-12-23,29.31,66.81,29.56,10.27,0.6,25.66,44.64,1.74,67
2025-12-24,10.5,10.83,26.72,4.82,0.49,33.4,57.97,2.84,33
2025-12-25,30.45,87.32,18.87,11.55,0.19,30.75,44.48,4.09,87
2025-12-26,48.52,92.01,22.83,9.58,0.42,29.22,35.8,3.59,92
2025-12-27,49.78,77.24,31.94,17.04,0.42,33.35,60.8,1.9,83
2025-12-28,19.46,28.18,19.33,8.03,0.4,29.91,61.9,3.61,32
2025-12-29,58.11,100.88,34.93,17.16,0.67,29.57,60.71,1.13,101
2025-12-30,38.75,38.1,20.31,4.44,0.31,28.12,46.9,2.84,65
2025-12-31,35.19,75.62,14.28,5.28,0.26,31.35,49.47,4.05,76
2026-01-01,19.77,23.5,24.28,11.67,0.28,31.2,57.57,3.03,33
2026-01-02,46.8,86.53,23.41,16.17,0.61,30.17,54.2,2.56,87
2026-01-03,23.11,36.13,21.43,5.01,0.34,28.27,46.99,3.79,39
2026-01-04,29.97,50.69,19.79,9.74,0.36,30.68,35.82,3.86,51
2026-01-05,23.62,32.63,17.7,4.32,0.34,30.29,51.27,4.15,39
2026-01-06,23.46,43.12,17.29,8.6,0.32,27.23,59.83,3.75,43
2026-01-07,30.27,89.9,11.84,11.48,0.57,26.99,39.21,3.93,90
2026-01-08,44.47,101.41,8.33,8.27,0.34,32.18,55.61,3.6,101
2026-01-09,27.02,57.56,21.43,7.42,0.25,24.35,52.72,3.17,58
2026-01-10,54.8,91.0,24.64,5.62,0.86,31.46,56.37,3.0,91
2026-01-11,22.28,59.5,26.97,6.2,0.42,29.84,57.35,2.7,60
2026-01-12,53.94,110.56,18.48,16.53,0.3,34.39,43.14,1.82,107
2026-01-13,48.48,67.35,40.44,11.22,0.67,29.96,34.73,2.04,81
2026-01-14,70.58,112.95,18.44,5.58,0.33,32.92,44.38,2.64,135
2026-01-15,14.94,10.0,13.68,8.12,0.52,30.35,57.09,3.1,26
2026-01-16,15.91,55.28,10.89,3.25,0.36,31.7,44.11,4.17,55
2026-01-17,23.88,83.79,4.0,3.79,0.24,33.32,42.65,2.83,84
2026-01-18,30.91,58.26,31.66,15.26,0.61,30.38,32.42,3.77,58
2026-01-19,42.27,35.05,27.77,7.61,0.35,34.09,64.51,3.83,70
2026-01-20,15.79,45.86,23.28,15.74,0.45,29.16,56.09,2.64,46
2026-01-21,33.13,43.76,10.72,8.12,0.38,32.43,55.51,3.38,55
2026-01-22,36.92,53.59,32.57,7.85,0.27,34.05,57.22,2.62,62
2026-01-23,20.88,53.55,11.53,10.08,0.3,33.44,53.64,4.02,54
2026-01-24,8.46,28.84,14.8,2.0,0.46,36.62,46.19,3.4,29
2026-01-25,43.34,66.06,30.68,8.85,0.38,29.95,46.86,1.75,72
2026-01-26,34.51,50.35,22.08,7.77,0.52,28.44,44.43,2.97,58
2026-01-27,24.67,50.04,33.59,14.07,0.37,29.43,71.95,4.3,50
2026-01-28,24.7,40.45,19.61,11.79,0.34,33.59,53.19,2.65,41
2026-01-29,39.61,49.47,19.55,6.18,0.55,33.2,43.98,3.21,66
2026-01-30,34.91,56.63,17.45,15.44,0.51,32.23,52.31,3.3,58
2026-01-31,34.12,67.58,4.25,7.17,0.22,29.18,38.99,1.87,68
2026-02-01,22.26,41.07,15.19,4.56,0.3,33.91,61.6,3.26,41
2026-02-02,10.22,10.0,26.05,7.8,0.32,28.94,42.09,1.55,33
2026-02-03,9.73,43.91,22.35,6.82,0.26,34.9,52.53,2.24,44
2026-02-04,16.57,10.0,18.87,15.33,0.41,39.14,57.61,3.77,28
2026-02-05,21.33,34.89,8.33,9.13,0.29,32.9,51.47,3.12,36
2026-02-06,34.93,51.49,23.91,10.68,0.57,33.44,48.85,2.53,58
2026-02-07,33.45,63.17,28.67,13.32,0.52,30.73,48.1,3.2,63
2026-02-08,25.18,58.62,19.94,12.01,0.31,27.42,47.5,2.75,59
2026-02-09,15.34,54.52,19.13,11.46,0.18,30.41,42.83,2.81,55
2026-02-10,55.19,79.2,16.6,16.64,0.74,29.16,43.99,3.39,92
2026-02-11,17.79,48.35,24.13,9.66,0.26,28.25,61.37,2.15,48
2026-02-12,14.84,37.05,4.0,8.54,0.29,36.13,47.1,2.84,37
2026-02-13,22.47,13.78,18.8,12.2,0.23,32.47,41.03,2.53,37
2026-02-14,5.0,53.46,39.12,7.18,0.28,32.7,43.49,1.38,53
2026-02-15,43.61,49.34,16.49,12.14,0.85,30.93,58.07,1.98,73
2026-02-16,26.23,57.58,13.14,14.85,0.42,31.22,54.29,4.23,58
2026-02-17,5.0,26.27,15.21,13.75,0.29,34.01,53.3,3.17,26
2026-02-18,37.18,70.88,14.72,7.55,0.31,31.46,45.99,1.63,71
2026-02-19,42.44,64.63,26.95,5.58,0.39,32.81,53.52,1.44,71
2026-02-20,20.52,56.64,22.72,14.52,0.38,30.93,42.63,2.73,57
2026-02-21,24.06,18.8,18.68,12.29,0.32,30.5,46.14,4.24,40
2026-02-22,48.45,81.07,28.97,11.16,0.51,27.76,57.28,2.67,81
2026-02-23,20.06,30.94,19.51,8.25,0.33,26.26,56.49,4.02,33
2026-02-24,25.89,37.35,41.32,9.01,0.3,30.47,39.86,3.17,52
2026-02-25,17.05,44.44,20.53,9.11,0.41,31.18,41.07,3.28,44
2026-02-26,24.47,66.88,22.74,5.95,0.47,27.74,49.84,1.66,67
2026-02-27,24.36,41.14,8.89,10.98,0.39,30.78,64.48,3.72,41
2026-02-28,36.69,79.26,17.82,11.07,0.56,30.91,31.8,2.58,79
2026-03-01,64.13,105.88,37.61,11.63,0.57,25.29,51.64,3.66,114
2026-03-02,20.87,26.19,8.34,11.83,0.28,28.29,36.85,2.16,35
2026-03-03,5.0,14.61,4.0,13.37,0.24,31.49,43.63,3.06,17
2026-03-04,8.5,18.94,18.91,12.53,0.21,31.34,46.17,3.23,24
2026-03-05,31.2,44.69,31.45,7.98,0.51,27.37,45.78,2.78,52
2026-03-06,42.85,81.85,18.92,11.67,0.21,30.54,44.87,3.29,82
2026-03-07,28.49,57.53,17.06,8.9,0.26,32.58,49.86,2.7,58
2026-03-08,28.23,24.3,8.17,4.87,0.61,31.85,45.1,2.36,47
2026-03-09,25.42,19.13,20.94,11.71,0.24,29.55,36.89,4.4,42
2026-03-10,17.5,45.02,24.18,9.51,0.3,28.49,57.2,3.91,45
2026-03-11,22.1,29.37,6.94,19.05,0.24,27.96,57.09,2.29,37
2026-03-12,8.55,29.83,28.09,14.43,0.41,30.57,58.05,3.5,35
2026-03-13,64.08,118.97,34.75,15.05,0.74,29.75,36.73,2.33,114
2026-03-14,20.49,18.84,39.13,13.21,0.75,30.69,53.44,1.94,49
2026-03-15,44.04,50.45,29.1,11.86,0.56,29.31,56.98,3.95,73
2026-03-16,36.73,95.4,32.53,6.83,0.57,30.88,41.77,1.5,95
2026-03-17,18.46,45.09,24.98,2.69,0.31,28.92,51.29,3.88,45
2026-03-18,58.34,89.04,33.02,7.61,0.43,30.5,50.33,2.83,97
2026-03-19,20.55,24.99,8.54,9.32,0.55,30.56,68.12,2.88,34
2026-03-20,25.27,39.46,12.74,2.18,0.55,26.22,69.03,3.45,42
2026-03-21,22.24,22.82,15.63,7.71,0.31,23.55,36.9,3.62,37
2026-03-22,50.16,100.63,28.11,10.52,0.57,31.77,74.5,2.37,100
2026-03-23,44.05,61.9,33.86,12.9,0.66,28.38,43.99,3.77,73
2026-03-24,10.43,46.81,26.49,7.44,0.28,23.29,61.24,3.24,47
2026-03-25,27.58,44.78,36.01,9.13,0.52,25.62,61.33,2.02,46
2026-03-26,50.82,66.91,35.53,18.11,0.46,29.16,43.82,3.01,85
2026-03-27,23.61,38.56,15.07,12.8,0.25,26.36,57.41,4.42,39
2026-03-28,26.99,10.0,23.72,8.07,0.19,25.6,52.2,4.7,45
2026-03-29,50.0,82.33,26.24,14.06,0.53,30.21,58.35,3.86,83
2026-03-30,37.47,63.27,28.96,11.87,0.56,23.9,55.64,2.16,63
2026-03-31,52.9,103.55,28.8,8.04,0.46,24.34,64.53,3.68,102
2026-04-01,31.86,24.24,4.0,8.7,0.4,26.68,54.65,4.02,53
2026-04-02,26.7,71.63,45.59,15.51,0.56,26.94,52.66,3.93,72
2026-04-03,50.79,100.42,32.97,10.51,0.53,27.02,64.25,4.0,100
2026-04-04,27.04,73.74,23.17,7.36,0.58,27.86,59.82,3.63,74
2026-04-05,33.36,59.42,45.21,12.01,0.54,25.89,61.4,3.26,59
2026-04-06,49.4,101.88,30.26,13.88,0.58,26.42,49.05,2.79,101
2026-04-07,54.42,64.43,36.08,5.53,0.73,24.35,45.84,1.65,91
2026-04-08,60.77,112.96,32.44,15.22,0.64,24.96,50.36,3.68,109
2026-04-09,69.35,98.67,45.04,16.8,0.69,24.87,50.11,3.56,131
2026-04-10,45.55,48.32,30.22,14.79,0.47,24.93,63.0,3.91,76
2026-04-11,43.11,54.28,42.98,25.16,1.02,26.12,64.94,2.22,72
2026-04-12,43.37,74.99,40.34,17.99,0.53,25.37,54.99,4.02,75
2026-04-13,29.85,40.45,32.06,18.02,0.59,23.89,69.49,5.31,50
2026-04-14,55.01,98.54,35.92,25.91,0.59,21.55,69.17,3.55,99
2026-04-15,51.48,54.09,43.34,16.98,0.59,23.53,59.28,3.44,86
2026-04-16,43.62,36.96,53.36,14.39,0.68,23.08,49.93,3.79,73
2026-04-17,47.4,105.43,37.21,19.07,0.83,23.42,71.74,5.36,104
2026-04-18,56.53,110.24,36.2,11.36,0.87,28.24,57.25,2.63,107
2026-04-19,33.34,41.46,33.57,13.48,0.58,21.2,59.18,3.75,56
2026-04-20,49.39,83.56,50.2,13.04,1.03,23.35,55.23,2.87,84
2026-04-21,83.05,150.77,30.22,15.44,0.62,24.74,50.53,3.12,177
2026-04-22,34.66,69.8,31.76,11.19,0.76,22.1,45.57,3.58,70
2026-04-23,53.99,92.95,25.23,13.14,0.63,27.48,64.73,4.86,93
2026-04-24,38.61,87.7,29.58,18.69,0.87,20.47,52.23,5.29,88
2026-04-25,52.07,74.34,33.05,14.12,0.39,22.01,87.07,4.09,87
2026-04-26,49.95,84.99,40.61,8.7,0.71,18.98,50.01,3.36,85
2026-04-27,38.78,67.9,49.44,10.04,0.75,19.88,48.72,5.97,68
2026-04-28,93.96,143.33,52.85,14.67,0.91,21.16,64.88,3.36,213
2026-04-29,67.49,102.85,34.61,12.58,0.86,22.43,74.31,3.25,125
2026-04-30,83.4,134.24,41.45,19.46,1.1,20.89,61.38,2.18,178
2026-05-01,24.95,48.79,47.85,16.23,0.62,23.01,66.2,5.06,60
2026-05-02,64.87,87.2,44.89,19.27,0.54,19.41,44.72,4.69,116
2026-05-03,41.19,86.16,40.74,20.76,0.77,18.59,55.47,6.02,86
2026-05-04,73.81,101.45,37.17,19.58,0.64,25.96,52.16,2.61,146
2026-05-05,69.05,108.19,50.38,20.03,0.83,19.96,45.03,5.19,130
2026-05-06,59.58,93.08,32.19,16.61,0.75,16.95,63.39,3.96,99
2026-05-07,45.22,84.02,44.47,21.52,0.78,16.79,42.41,4.64,84
2026-05-08,93.42,109.31,72.37,24.47,1.4,15.94,50.96,2.46,211
2026-05-09,54.03,106.37,44.86,19.54,0.77,20.42,58.28,5.28,104
2026-05-10,55.42,80.17,35.61,22.07,0.96,16.94,55.89,4.69,92
2026-05-11,63.17,125.55,49.18,8.56,0.77,17.95,67.2,3.96,117
2026-05-12,31.82,49.53,38.89,15.83,0.8,17.25,66.64,4.6,53
2026-05-13,116.9,180.63,48.2,21.85,1.47,19.02,72.19,3.35,290
2026-05-14,61.53,135.67,50.84,21.74,0.98,14.85,71.17,3.54,124
2026-05-15,60.82,95.2,55.83,24.11,0.84,14.06,74.93,3.66,103
2026-05-16,71.69,138.25,48.72,13.09,1.09,17.09,64.9,2.43,139
2026-05-17,69.24,113.1,43.68,24.34,0.96,17.81,67.9,4.89,131
2026-05-18,54.72,98.82,39.38,14.33,0.85,16.92,70.03,5.21,99
2026-05-19,39.49,70.52,46.47,13.45,0.98,13.85,66.95,3.52,71
2026-05-20,68.25,126.22,42.25,17.45,1.11,17.35,62.36,4.49,127
2026-05-21,84.53,122.23,44.09,18.98,1.11,13.58,63.19,3.96,182
2026-05-22,72.58,99.53,66.35,14.05,1.1,13.92,59.08,4.51,142
2026-05-23,61.84,90.18,55.37,22.19,1.09,12.65,70.48,3.67,106
2026-05-24,90.38,144.84,61.21,24.32,1.0,18.05,66.09,3.46,201
2026-05-25,57.41,91.26,58.88,25.12,1.1,16.17,61.22,5.22,96
2026-05-26,66.52,121.24,59.53,19.05,0.95,15.89,61.47,4.23,122
2026-05-27,44.91,100.61,41.52,18.43,0.75,17.29,56.78,6.13,100
2026-05-28,86.12,119.31,54.93,20.14,1.28,21.0,76.73,4.37,187
2026-05-29,73.86,105.89,51.56,26.88,1.02,9.49,68.87,3.51,146
2026-05-30,79.57,101.52,59.77,11.46,1.09,11.71,60.64,5.47,165
2026-05-31,93.88,184.68,54.1,16.17,1.11,11.81,75.92,4.95,213
2026-06-01,75.3,126.66,48.72,20.45,0.89,11.02,63.84,5.06,151
2026-06-02,66.14,116.54,38.18,15.23,0.86,10.26,56.46,5.49,120
2026-06-03,69.69,88.93,54.39,18.76,1.14,12.01,78.55,3.85,132
2026-06-04,87.08,138.25,58.81,22.96,1.27,9.52,64.76,4.34,190
2026-06-05,54.7,100.48,40.84,18.84,0.92,13.2,66.14,4.32,100
2026-06-06,120.23,181.79,69.89,25.09,1.48,12.31,70.42,3.33,300
2026-06-07,83.89,153.01,63.2,23.39,1.01,13.19,80.56,4.27,180
2026-06-08,63.19,145.24,71.27,19.27,1.12,13.07,70.68,5.73,130
2026-06-09,72.2,99.64,51.06,19.18,0.97,13.12,59.93,4.76,141
2026-06-10,91.22,125.87,53.04,20.3,1.22,10.5,75.84,3.35,204
2026-06-11,74.18,103.76,52.3,22.57,1.44,16.55,66.8,3.18,147
2026-06-12,73.82,147.95,58.84,15.68,1.01,11.66,88.37,6.09,146
2026-06-13,72.05,135.24,60.63,24.37,1.14,6.24,71.58,4.53,140
2026-06-14,117.51,179.95,56.38,22.33,1.35,8.22,51.68,4.04,292
2026-06-15,88.65,141.2,55.29,26.34,0.96,6.2,75.22,4.39,195
2026-06-16,75.04,106.1,49.18,26.13,1.34,10.43,89.71,3.33,150
2026-06-17,59.77,114.69,64.35,26.97,1.05,9.91,86.6,5.95,110
2026-06-18,83.5,126.24,53.43,18.1,1.1,8.88,89.09,4.33,178
2026-06-19,87.49,134.19,62.29,23.55,1.3,14.92,63.63,5.93,192
2026-06-20,63.46,114.97,46.47,16.84,1.09,11.11,81.21,4.76,112
2026-06-21,110.09,168.24,55.96,21.33,1.24,11.39,66.7,6.02,267
2026-06-22,94.96,145.46,60.09,28.92,1.17,7.1,75.4,4.98,217
2026-06-23,80.31,128.64,56.57,28.05,1.0,6.78,62.11,5.53,168
2026-06-24,66.2,122.31,60.6,17.34,1.04,9.22,67.95,5.42,121
2026-06-25,90.39,172.71,70.94,21.16,1.14,9.42,67.84,5.35,201
2026-06-26,74.89,131.13,64.63,21.94,1.04,4.2,82.19,5.11,150
2026-06-27,81.06,144.0,68.34,24.99,1.18,8.25,81.48,4.6,170
2026-06-28,79.49,123.67,68.04,15.33,0.82,8.61,76.93,6.55,165
2026-06-29,69.44,99.95,67.04,16.88,1.13,7.9,62.45,4.02,131
2026-06-30,143.13,231.31,74.56,30.97,1.6,6.28,71.96,4.86,318
2026-07-01,87.32,141.7,69.45,15.5,1.07,6.84,68.21,4.88,191
2026-07-02,100.73,132.46,70.16,21.58,1.36,7.62,82.91,5.24,236
2026-07-03,78.36,119.72,68.94,24.32,1.22,8.17,85.84,4.5,161
2026-07-04,96.07,149.81,57.79,28.26,1.45,9.34,84.89,5.18,220
2026-07-05,111.37,164.3,69.16,28.75,1.6,10.42,68.73,4.76,271
2026-07-06,121.25,214.48,71.32,26.19,1.57,6.87,51.01,3.5,301
2026-07-07,99.29,164.6,72.95,29.01,1.21,6.36,59.9,4.94,231
2026-07-08,86.38,161.97,64.35,24.56,1.19,8.49,88.73,3.95,188
2026-07-09,96.59,156.79,79.59,23.24,1.32,8.82,72.45,3.39,222
2026-07-10,68.01,112.08,72.17,23.49,1.13,6.12,69.43,5.08,127
2026-07-11,83.58,116.33,71.66,24.89,0.84,9.09,91.09,5.41,179
2026-07-12,85.81,136.64,74.33,31.42,1.1,9.47,87.81,5.45,186
2026-07-13,80.9,129.53,55.68,27.6,1.4,10.16,76.76,5.5,170
2026-07-14,117.53,157.81,71.36,29.18,1.41,11.3,74.01,3.26,292
2026-07-15,94.53,139.35,61.51,21.74,1.43,4.61,75.56,3.78,215
2026-07-16,103.15,155.74,50.59,23.16,1.4,6.74,78.9,6.79,244
2026-07-17,93.62,155.19,65.79,23.89,1.39,6.66,91.35,4.08,212
2026-07-18,101.35,167.26,78.19,25.34,1.28,6.32,80.85,5.58,238
2026-07-19,105.4,154.36,74.02,22.12,1.28,4.88,83.67,4.42,251
2026-07-20,76.61,131.53,83.36,30.32,1.44,4.0,87.74,5.11,155
